INSERT INTO Individuo (CPF, nome, ficha, genero, naturalidade, dataNascimento, profissao, contato) VALUES 
('126.940.133-50', 'Maria Souza', 'LIMPA', 'Feminino', 'São Carlos - SP', '1967-02-11', 'Quimico', 'msouza@gmail.com'),
('567.974.048-60', 'Lucas Nascimento', 'SUJA', 'Nao Informado', 'São Paulo', '1988-02-12', 'Engenheiro', 'lucas@gmail.com'),
('308.669.206-50', 'Maria Ferreira', 'SUJA', 'Masculino', 'São Paulo', '1981-11-01', 'Medico', 'ferreiramaria@gmail.com'),
('467.293.420-99', 'Beatriz Lima', 'SUJA', 'Masculino', 'São Carlos - SP', '1952-10-07', 'Fotografo', 'bia@gmail.com'),
('645.875.784-01', 'Maria Souza', 'SUJA', 'Masculino', 'Araras', '1990-07-26', 'Medico', 'souzazz@gmail.com'),
('512.946.648-91', 'Carlos Leffeck', 'SUJA', 'Feminino', 'Uberaba', '1998-07-28', 'Economista', 'leffeck@gmail.com'),
('704.082.841-37', 'Beatriz Bernal', 'SUJA', 'Masculino', 'Uberaba', '1981-11-08', 'Engenheiro Ambiental', 'b.bernal@gmail.com'),
('429.689.115-46', 'Mariana Lima', 'LIMPA', 'Feminino', 'Araraquara', '1992-09-02', 'Engenheiro Civil', 'lima.bia@gmail.com'),
('146.580.065-45', 'Mariana Pereira', 'SUJA', 'Nao Informado', 'Nova Odessa', '1982-09-14', 'Economista', 'pereera@gmail.com'),
('439.639.335-96', 'André Lima', 'LIMPA', 'Masculino', 'Araraquara', '1992-09-02', 'Engenheiro Civil', 'lima.andre@gmail.com'),
('529.629.095-49', 'Anderson Nasario', 'LIMPA', 'Masculino', 'Americana', '1992-09-02', 'Engenheiro Civil', 'anderson@gmail.com'),
('829.888.415-36', 'Nathaly Carvalho', 'SUJA', 'Feminino', 'Descalvado', '1992-09-02', 'Economista', 'nathy@gmail.com'),
('729.698.165-26', 'Nadja Lima', 'SUJA', 'Feminino', 'Santa Barbara', '1992-09-02', 'Engenheiro Mecanico', 'nadja@gmail.com'),
('929.469.715-47', 'Denes Lima', 'LIMPA', 'Masculino', 'Nova Odessa', '1992-09-02', 'Engenheiro Civil', 'denes@gmail.com'),
('952.839.537-69', 'Jose Leffeck', 'LIMPA', 'Masculino', 'Americana', '1972-05-30', 'Advogado', 'josleff@gmail.com'),
('161.065.558-34', 'Leticia Sibowicz', 'LIMPA', 'Feminino', 'Belo Horizonte', '1998-12-06', 'Medica', 'leticia.sibo@gmail.com'),
('174.914.202-30', 'Jhully Gomes', 'LIMPA', 'Feminino', 'Florianópolis', '2000-05-30', 'Químico', 'Jhu_Gomes@gmail.com'),
('934.604.091-26', 'Katarina Franz', 'LIMPA', 'Feminino', 'Joinville', '2003-10-26', 'Designer Gráfico', 'katfranz@gmail.com'),
('277.305.910-73', 'Gustavo Mondoni', 'LIMPA', 'Masculino', 'Blumenau', '2001-03-31', 'Chefe de Cozinha', 'gus_mondoni@gmail.com'),
('305.692.893-19', 'Marco Blum', 'SUJA', 'Masculino', 'Sorocaba', '2000-07-20', 'Meteorologista', 'MarcoBlum@gmail.com'),
('403.937.765-65', 'Estevao Weber', 'LIMPA', 'Masculino', 'Osasco', '2004-07-17', 'NULL', 'EstEber@gmail.com'),
('833.987.175-78', 'Rafael Brunet', 'LIMPA', 'Masculino', 'Franca', '1997-05-31', 'Engenheiro Espacial', 'Rafa_Brunet@gmail.com'),
('261.380.103-45', 'Leonardo Sudati', 'SUJA', 'Masculino', 'Lages', '1991-12-17', 'Arquiteto', 'LeoSudati@gmail.com'),
('947.089.303-48', 'Isa Huz', 'LIMPA', 'Feminino', 'Itajaí', '1996-05-30', 'Consultor de Negócios', 'IsaHuz@gmail.com'),
('785.939.487-15', 'Kevin Akari', 'LIMPA', 'Masculino', 'Blumenau', '2001-09-08', 'Assistente Social', 'Kevin_Akari@gmail.com'),
('379.085.912-56', 'Michel Rodrigues', 'SUJA', 'Masculino', 'Jundiaí', '1988-04-26', 'Publicitário', 'Michel_Rodrigues@hotmail.com'),
('368.890.869-45', 'Vinicius Sioli', 'LIMPA', 'Masculino', 'Campinas', '1997-09-03', 'Coach', 'ViniSioli@gmail.com'),
('731.000.899-52', 'Nathalia Volpi', 'LIMPA', 'Feminino', 'São Paulo', '1987-08-31', 'NULL', 'Nathy_Volpi@gmail.com'),
('679.925.329-02', 'Sofia Borba', 'LIMPA', 'Feminino', 'São Paulo', '2000-07-02', 'Medica', 'Sofia_Borba@gmail.com'),
('324.977.660-29', 'Ana Clara Ribeiro', 'LIMPA', 'Feminino', 'Curitiba', '1995-11-23', 'Advogada', 'anaclararibeiro@gmail.com'),
('125.952.721-28', 'Pedro Henrique Silva', 'SUJA', 'Masculino', 'Recife', '1990-04-15', 'Engenheiro Elétrico', 'pedrohenrique@gmail.com'),
('325.554.818-77', 'Lucas Eduardo Lima', 'LIMPA', 'Masculino', 'Fortaleza', '1987-03-21', 'Professor', 'lucaseduardo@gmail.com'),
('368.229.384-19', 'Laura Martins', 'SUJA', 'Feminino', 'Salvador', '1994-08-19', 'Arquiteta', 'lauramartins@gmail.com'),
('536.801.378-77', 'Mateus Gonçalves', 'LIMPA', 'Masculino', 'Goiânia', '1993-07-10', 'Veterinário', 'mateus@gmail.com'),
('454.189.527-73', 'Carla Souza', 'LIMPA', 'Feminino', 'Manaus', '1985-02-05', 'Bióloga', 'carlasouza@gmail.com'),
('470.756.833-57', 'Thiago Almeida', 'SUJA', 'Masculino', 'Porto Alegre', '1991-12-30', 'Jornalista', 'thiago@gmail.com'),
('356.286.802-22', 'Rafaela Dias', 'LIMPA', 'Feminino', 'Florianópolis', '1999-06-17', 'Psicóloga', 'rafaela@gmail.com'),
('143.599.549-05', 'Gabriel Batista', 'SUJA', 'Masculino', 'Rio de Janeiro', '1992-04-01', 'Desenvolvedor de Software', 'gabriel@gmail.com'),
('374.004.671-66', 'Fernanda Costa', 'LIMPA', 'Feminino', 'Natal', '1998-09-24', 'Fisioterapeuta', 'fernandacosta@gmail.com'),
('377.629.234-20', 'Renato Gomes', 'SUJA', 'Masculino', 'São Luís', '1986-05-19', 'Dentista', 'renato@gmail.com'),
('066.459.425-59', 'Juliana Mendes', 'LIMPA', 'Feminino', 'Teresina', '2000-11-08', 'Nutricionista', 'juliana@gmail.com'),
('479.429.898-60', 'Felipe Oliveira', 'LIMPA', 'Masculino', 'Maceió', '1994-01-22', 'Administrador', 'felipe@gmail.com'),
('424.920.655-61', 'Bruna Santos', 'SUJA', 'Feminino', 'João Pessoa', '1991-08-30', 'Enfermeira', 'bruna@gmail.com'),
('324.163.680-10', 'Samuel Ferreira', 'LIMPA', 'Masculino', 'Palmas', '1989-07-17', 'Geólogo', 'samuel@gmail.com'),
('153.863.680-91', 'Samuel dos Santos', 'LIMPA', 'Masculino', 'Alagoas', '1989-07-17', 'Administrador', 'samuel123@gmail.com'),
('255.919.941-64', 'Isabela Rocha', 'LIMPA', 'Feminino', 'Campo Grande', '1997-02-14', 'Advogada', 'isabela@gmail.com'),
('227.979.864-66', 'Lucas Menezes', 'SUJA', 'Masculino', 'Rio Branco', '1990-10-25', 'Engenheiro de Produção', 'lucasmenezes@gmail.com');

INSERT INTO Partido (nome, programa, CEP, dataFundacao, contato) VALUES 
('Partido Solidario Comunitario', 'Programa do Partido Solidario Comunitario', '85453-183', '2020-01-01 02:24:26', 'contato@partidosolidario.com'),
('Partido Independente do Povo', 'Programa do Partido Independente do Povo', '58413-157', '2007-12-22 06:57:31', 'contato@partidoindependente.com'),
('Partido Justica Brasileiro', 'Programa do Partido Justica Brasileiro', '29564-247', '2014-06-16 05:30:07', 'contato@partidobrasileiro.com'),
('Partido Humanista da Reforma', 'Programa do Partido Humanista da Reforma', '49588-408', '2012-06-09 14:17:00', 'contato@partidohumanista.com'),
('Partido Nacional da Uniao', 'Programa do Partido Nacional da Uniao', '88797-904', '2013-04-10 11:15:30', 'contato@partidonacional.com'),
('Partido Reformista da Independência', 'Programa do Partido Reformista da Independência', '84242-899', '2019-06-17 23:44:59', 'contato@partidoreformista.com'),
('Partido Patriótico Comunitário', 'Programa do Partido Patriótico Comunitário', '91391-325', '2002-03-30 08:25:51', 'contato@partidopatriotico.com'),
('Partido Ecologista Cristão', 'Programa do Partido Ecologista Cristão', '62808-134', '2001-07-20 01:56:51', 'contato@partidoecologista'),
('Partido Cristão Comunitário', 'Programa do Partido Cristão Comunitário', '21949-495', '2008-05-02 11:41:35', 'contato@partidocristao.com'),
('Partido Conservador da Justiça', 'Programa do Partido Conservador da Justiça', '11141-687', '2017-04-17 13:04:42', 'contato@partidoconservador.com'),
('Partido Libertário da Liberdade', 'Programa do Partido Libertário da Liberdade', '95190-859', '2016-11-17 16:07:56', 'contato@partidoliberatorio.com'),
('Partido Social da União', 'Programa do Partido Social da União', '34299-632', '2016-08-16 00:00:31', 'contato@partidosocial.com'),
('Partido Igualitário Cristão', 'Programa do Partido Igualitário Cristão', '79543-347', '2023-02-18 23:17:11', 'contato@partidoigualitario.com'),
('Partido Republicano da Cidadania', 'Programa do Partido Republicano da Cidadania', '54484-764', '2018-05-14 07:42:23', 'contato@partidorepublicano.com'),
('Partido Progressista da Esperança', 'Programa do Partido Progressista da Esperança', '94939-744', '2011-10-16 14:42:28', 'contato@partidoprogressista.com'),
('Partido Trabalhista da Reforma', 'Programa do Partido Trabalhista da Reforma', '17404-276', '2003-11-08 11:06:51', 'contato@partidotrabalhista.com'),
('Partido Popular da Democracia', 'Programa do Partido Popular da Democracia', '49823-897', '2007-12-28 11:17:47', 'contato@partidopopular.com'),
('Partido Democrático da Cidadania', 'Programa do Partido Democrático da Cidadania', '99549-118', '2015-04-19 23:07:27', 'contato@partidodemocratico.com'),
('Partido Solidário do Povo', 'Programa do Partido Solidário do Povo', '85357-560', '2002-03-04 18:22:51', 'contato@partidosolidario.com');

INSERT INTO ProcessoJudicial (Reu, titulo, procedente, dataInicio, dataFim) VALUES 
('153.863.680-91', 'Denúncia por Abuso de Animais', 'NAO', '2022-07-13 18:33:58', '2023-04-03 23:41:44'),
('126.940.133-50', 'Sonegação Imposto', 'NAO', '2012-07-13 18:33:58', '2013-04-03 23:41:44'),
('567.974.048-60', 'Dirigindo Alcolizado', 'SIM', '2009-11-10 22:43:27', '2012-03-09 17:35:55'),
('308.669.206-50', 'Agressão Fisica a Mulher', 'SIM', '2008-07-08 11:36:19', '2010-10-24 05:29:48'),
('467.293.420-99', 'Não Pagamento de Pensão', 'SIM', '2011-04-13 10:45:49', '2013-05-13 10:13:28'),
('645.875.784-01', 'Alegação envolvendo Nepotismo', 'SIM', '2013-07-22 08:20:05', '2015-09-13 00:01:59'),
('567.974.048-60', 'Recurso em relação a Nepotismo', 'NAO', '2011-05-09 07:05:34', '2015-11-04 00:32:55'),
('512.946.648-91', 'Pedido em relação a Lavagem de Dinheiro', 'NAO', '2007-05-10 13:24:00', '2007-09-15 04:52:32'),
('512.946.648-91', 'Denúncia envolvendo Corrupção', 'SIM', '2007-01-08 12:32:42', '2008-08-21 16:48:31'),
('704.082.841-37', 'Denúncia sobre Desvio de Verbas', 'SIM', '2000-08-05 02:42:53', '2002-03-04 20:20:40'),
('146.580.065-45', 'Alegação contra Uso Indevido de Recursos Públicos', 'SIM', '2005-07-05 06:08:46', '2008-02-11 21:37:04'),
('305.692.893-19', 'Investigação em relação a Lavagem de Dinheiro', 'NAO', '2007-01-19 22:26:27', '2008-03-16 00:12:55'),
('833.987.175-78', 'Alegação em relação a Fraude Eleitoral', 'NAO', '2005-01-31 20:16:36', '2005-09-05 06:36:22'),
('833.987.175-78', 'Recurso de Favorecimento Político', 'NAO', '2011-02-20 23:23:47', '2012-07-14 16:53:50'),
('379.085.912-56', 'Denúncia de Favorecimento Político', 'NAO', '2014-03-27 21:53:05', '2016-12-02 20:34:28'),
('731.000.899-52', 'Denúncia sobre Coação Eleitoral', 'SIM', '2001-09-18 08:45:03', '2004-01-21 06:30:40'),
('829.888.415-36', 'Alegação envolvendo Lavagem de Dinheiro', 'SIM', '2001-11-13 08:32:04', '2001-12-13 22:11:58'),
('305.692.893-19', 'Denúncia sobre Recebimento de Propina', 'SIM', '2002-08-26 16:53:47', '2005-02-05 02:30:57');

INSERT INTO Candidato (CPF, Partido) VALUES 
('952.839.537-69', 'Partido Solidario Comunitario'),
('529.629.095-49', 'Partido Independente do Povo'),
('308.669.206-50', 'Partido Justica Brasileiro'),
('512.946.648-91', 'Partido Justica Brasileiro'),
('829.888.415-36', 'Partido Independente do Povo'),
('439.639.335-96', 'Partido Humanista da Reforma'),
('467.293.420-99', 'Partido Solidario Comunitario'),
('645.875.784-01', 'Partido Solidário do Povo'),
('704.082.841-37', 'Partido Democrático da Cidadania'),
('429.689.115-46', 'Partido Popular da Democracia'),
('126.940.133-50', 'Partido Progressista da Esperança'),
('277.305.910-73', 'Partido Republicano da Cidadania'),
('729.698.165-26', 'Partido Solidario Comunitario'),
('679.925.329-02', 'Partido Igualitário Cristão'),
('161.065.558-34', 'Partido Libertário da Liberdade'),
('174.914.202-30', 'Partido Conservador da Justiça'),
('934.604.091-26', 'Partido Justica Brasileiro'),
('305.692.893-19', 'Partido Reformista da Independência'),
('403.937.765-65', 'Partido Republicano da Cidadania'),
('833.987.175-78', 'Partido Trabalhista da Reforma');

INSERT INTO Cargo (nomeCargo, localCargo, totalEleitos, salario, descricao) VALUES 
('Presidente da República', 'Brasília', 1, 40937.45, 'Representante Executivo do Brasil'),
('Senador Federal', 'Brasília', 81, 46388.7, 'Representantes do Senado Brasileiro'),
('Deputado Federal', 'Brasília', 513, 33482.4, 'Representante do seu Estado na Câmara dos Deputados'),
('Governador', 'Santa Catarina', 1, 23322.14, 'Representante Executivo do Estado'),
('Prefeito', 'São Carlos - SP', 1, 10222.85, 'Representante Executivo da Cidade'),
('Prefeito', 'São Paulo', 1, 26172.99, 'Representante Executivo da Cidade'),
('Prefeito', 'Uberaba', 1, 22915.83, 'Representante Executivo da Cidade'),
('Vereador', 'São Paulo', 55, 27171.97, 'Responsável por legislar e fiscalizar as ações do poder executivo municipal.'),
('Deputado Estadual', 'São Paulo', 94, 20579.87, 'Responsável por legislar e fiscalizar as ações do poder executivo estadual.'),
('Prefeito', 'Blumenau', 1, 18021.13, 'Representante Executivo da Cidade'),
('Governador', 'São Paulo', 1, 15146.0, 'Representante Executivo do Estado');

INSERT INTO Candidatura (candidato, ano, cargoNome, cargoLocal, Vice, Pleito) VALUES 
('308.669.206-50', 2014, 'Presidente da República', 'Brasília', '439.639.335-96', 1),
('512.946.648-91', 2014, 'Deputado Federal', 'Brasília', NULL, 1),
('467.293.420-99', 2014, 'Deputado Federal', 'Brasília', NULL, 0),
('952.839.537-69', 2018, 'Senador Federal', 'Brasília', NULL, 1),
('645.875.784-01', 2012, 'Prefeito', 'São Carlos - SP', '833.987.175-78', 1),
('704.082.841-37', 2018, 'Governador', 'Santa Catarina', NULL, 0),
('429.689.115-46', 2022, 'Governador', 'São Paulo', NULL, 1),
('277.305.910-73', 2022, 'Deputado Federal', 'Brasília', NULL, 0),
('729.698.165-26', 2020, 'Prefeito', 'São Paulo', '403.937.765-65', 1),
('679.925.329-02', 2016, 'Prefeito', 'Uberaba', '305.692.893-19', 1),
('161.065.558-34', 2012, 'Prefeito', 'Blumenau', '934.604.091-26', 1);

INSERT INTO EquipeDeApoio (ordem, candidato, ano, funcao, status) VALUES 
(3, '952.839.537-69', 2018, 'Equipe de Marketing', 'ATIVA'),
(2, '429.689.115-46', 2022, 'Equipe Financeira', 'INATIVA'),
(3, '429.689.115-46', 2022, 'Equipe de Marketing', 'ATIVA'),
(3, '308.669.206-50', 2014, 'Equipe de Logística', 'ATIVA'),
(2, '308.669.206-50', 2014, 'Equipe Financeira', 'ATIVA'),
(4, '308.669.206-50', 2014, 'Equipe de Marketing', 'ATIVA'),
(3, '467.293.420-99', 2014, 'Equipe Jurídica', 'ATIVA'),
(2, '704.082.841-37', 2018, 'Equipe De Dados', 'ATIVA'),
(3, '277.305.910-73', 2022, 'Equipe de Pesquisa', 'ATIVA'),
(3, '679.925.329-02', 2016, 'Equipe de Panfletagem', 'INATIVA'),
(2, '952.839.537-69', 2018, 'Equipe Financeira', 'INATIVA'),
(3, '729.698.165-26', 2020, 'Equipe de Gestão de Voluntários', 'ATIVA'),
(4, '429.689.115-46', 2022, 'Equipe de Pesquisa', 'INATIVA'),
(3, '645.875.784-01', 2012, 'Equipe de Logística', 'ATIVA');

INSERT INTO Apoiador (CPF, EquipeOrdem, EquipeCandidaturaCandidato, EquipeCandidaturaAno, funcao, dataIngresso) VALUES
('947.089.303-48', 3, '429.689.115-46', 2022, 'Consultora Geral', '2022-12-21'),
('785.939.487-15', 3, '645.875.784-01', 2012, 'Colaborador Social', '2022-06-10'),
('379.085.912-56', 2, '704.082.841-37', 2018, 'Gestor de Tráfego', '2003-10-09'),
('368.890.869-45', 2, '704.082.841-37', 2018, 'Coach', '2017-12-07'),
('731.000.899-52', 3, '645.875.784-01', 2012, 'Administradora', '2010-01-07'),
('324.977.660-29', 3, '645.875.784-01', 2012, 'Advogada', '2021-07-15');

INSERT INTO DoadorJuridico (CNPJ, nome, tipo, setor, CEP, contato) VALUES 
('10.344.146/0001-00', 'Petrobras S.A', 'Empresa Pública', 'Setor de Energia', '08738-788', 'financero@petrobras.com'),
('34.391.410/0001-22', 'Banco do Brasil', 'Banco Público', 'Setor Bancário', '09760-367', 'contabil@bb.br'),
('53.714.089/0001-11', 'Santander', 'Banco Privado', 'Setor Bancário', '01448-217', 'rh@santander.com'),
('12.345.678/0001-99', 'Itaú Unibanco', 'Banco Privado', 'Setor Bancário', '04538-132', 'juridico@itau.com.br'),
('23.456.789/0001-88', 'Bradesco', 'Banco Privado', 'Setor Bancário', '06030-006', 'marketing@bradesco.com.br'),
('98.765.432/0001-77', 'Caixa Econômica Federal', 'Banco Público', 'Setor Bancário', '70040-020', 'operacional@caixa.gov.br'),
('87.654.321/0001-66', 'BNDES', 'Banco de Desenvolvimento Público', 'Setor de Desenvolvimento', '20031-170', 'investimentos@bndes.gov.br'),
('76.543.210/0001-55', 'Vale S.A.', 'Empresa Privada', 'Setor de Mineração', '22250-040', 'ambiental@vale.com');

INSERT INTO DoacaoJuridica (DoadorJuridico, CandidaturaCandidato, CandidaturaAno, valor) VALUES 
('53.714.089/0001-11', '952.839.537-69', 2018, 29688.57),  
('12.345.678/0001-99', '512.946.648-91', 2014, 120000.00),  
('23.456.789/0001-88', '512.946.648-91', 2014, 7500.50),   
('98.765.432/0001-77', '512.946.648-91', 2014, 35000.00),  
('87.654.321/0001-66', '704.082.841-37', 2018, 90000.75),  
('76.543.210/0001-55', '161.065.558-34', 2012, 45550.25);  


INSERT INTO DoacaoFisica (ordem, DoadorFisico, CandidaturaCandidato, CandidaturaAno, valor) VALUES 
(1, '567.974.048-60', '308.669.206-50', 2014, 52245.71),  
(2, '126.940.133-50', '952.839.537-69', 2018, 97029.91),  
(3, '125.952.721-28', '308.669.206-50', 2014, 15000.00),  
(5, '368.229.384-19', '512.946.648-91', 2014, 30000.00),  
(6, '536.801.378-77', '308.669.206-50', 2014, 12000.00),  
(7, '454.189.527-73', '467.293.420-99', 2014, 5000.00),   
(8, '470.756.833-57', '645.875.784-01', 2012, 7000.00),   
(9, '356.286.802-22', '704.082.841-37', 2018, 11000.00),  
(10, '143.599.549-05', '429.689.115-46', 2022, 13000.00), 
(11, '374.004.671-66', '645.875.784-01', 2012, 22000.00), 
(12, '377.629.234-20', '704.082.841-37', 2018, 8000.00),  
(13, '066.459.425-59', '277.305.910-73', 2022, 17000.00), 
(14, '479.429.898-60', '729.698.165-26', 2020, 14000.00), 
(15, '424.920.655-61', '679.925.329-02', 2016, 19000.00), 
(16, '324.163.680-10', '161.065.558-34', 2012, 21000.00), 
(18, '227.979.864-66', '161.065.558-34', 2012, 28000.00); 


-- INSERÇÃO QUE ATIVAM OS TRIGGERS

-- Trigger 1
INSERT INTO Candidato (CPF, Partido) VALUES ('153.863.680-91', 'Partido Trabalhista da Reforma');

-- Triger 2
INSERT INTO Apoiador (CPF, EquipeOrdem, EquipeCandidaturaCandidato, EquipeCandidaturaAno, funcao, dataIngresso) VALUES
('567.974.048-60', 2, '429.689.115-46', 2014, 'Voluntário', '2014-10-04'),
('567.974.048-60', 3, '308.669.206-50', 2014, 'Motorista', '2014-09-04');

-- Trigger 3
INSERT INTO Candidatura (candidato, ano, cargoNome, cargoLocal, Vice, Pleito) VALUES 
('529.629.095-49', 2014, 'Presidente da República', 'Brasília', '829.888.415-36', 1),
('829.888.415-36', 2014, 'Deputado Federal', 'Brasília', NULL, 2);